<?xml version="1.0" encoding="UTF-8"?>
<!DOCTYPE mapper PUBLIC 
   "-//mybatis.org//DTD Mapper 3.0//EN" 
   "https://mybatis.org/dtd/mybatis-3-mapper.dtd">
	 
<mapper namespace="com.itbank.repository.CouponRepository">
	<select id="couponCount">
		select count(*) from coupon
	    <if test='search != null'>
	    	where title like '%' || #{search} || '%'
	    </if>
	</select>
	
	<select id="getcouponList">
    	select * from coupon
		where title like '%' || #{search} || '%'
		order by idx desc
		offset #{paging.offset} rows 
		fetch next #{paging.fetch} rows only
	</select>
	
	<select id="selectCoupons">
		select * from coupon
		order by idx desc
	</select>
	
	<select id="selectVaild">
		select valid from coupon
			where idx = #{coupon_idx}
	</select>
	
	<select id="getuserCouponList">
		select U.*, C.title, C.discvalue from usercoupon U
    		join coupon C
        		on C.idx = U.coupon_idx
            		where U.userid = #{userid}
            		and U.useddate is null
	</select>
	
	<delete id="deleteCoupon">
		delete coupon where idx = #{idx}
	</delete>
	
	<insert id="insertCoupon">
		insert into coupon (title, discvalue, valid) values(#{title}, #{discvalue}, #{valid})
	</insert>
	
	<update id="updateCoupon">
		update usercoupon set useddate = sysdate where idx = #{couponIdx}
	</update>

</mapper>