<?xml version="1.0" encoding="UTF-8"?>
<beans:beans xmlns="http://www.springframework.org/schema/mvc"
	xmlns:xsi="http://www.w3.org/2001/XMLSchema-instance"
	xmlns:beans="http://www.springframework.org/schema/beans"
	xmlns:context="http://www.springframework.org/schema/context"
	xmlns:websocket="http://www.springframework.org/schema/websocket"
	xsi:schemaLocation="http://www.springframework.org/schema/websocket http://www.springframework.org/schema/websocket/spring-websocket-4.3.xsd
		http://www.springframework.org/schema/mvc https://www.springframework.org/schema/mvc/spring-mvc.xsd
		http://www.springframework.org/schema/beans https://www.springframework.org/schema/beans/spring-beans.xsd
		http://www.springframework.org/schema/context https://www.springframework.org/schema/context/spring-context.xsd">

	<!-- DispatcherServlet Context: defines this servlet's request-processing infrastructure -->
	
	<!-- Enables the Spring MVC @Controller programming model -->
	<annotation-driven />

	<!-- Handles HTTP GET requests for /resources/** by efficiently serving up static resources in the ${webappRoot}/resources directory -->
	<resources mapping="/resources/**" location="/resources/" />

	<!-- Resolves views selected for rendering by @Controllers to .jsp resources in the /WEB-INF/views directory -->
	<beans:bean class="org.springframework.web.servlet.view.InternalResourceViewResolver">
		<beans:property name="prefix" value="/WEB-INF/views/" />
		<beans:property name="suffix" value=".jsp" />
	</beans:bean>
	
	<context:component-scan base-package="com.itbank.controller" />
	
	<!-- 홈 컨트롤러 대체 -->
	<view-controller path="/" view-name="home" />
	
	<!-- 웹소켓 -->
	<websocket:message-broker application-destination-prefix="/app">
		<websocket:stomp-endpoint path="/endpoint">
			<websocket:sockjs websocket-enabled="true" />
		</websocket:stomp-endpoint>
		<websocket:simple-broker prefix="/topic, /sendTo" />
	</websocket:message-broker>
	
	<!-- 파일업로드 -->
	<resources mapping="/upload/**" location="file:c:/upload/" />
	<beans:bean id="multipartResolver" class="org.springframework.web.multipart.commons.CommonsMultipartResolver">
		<beans:property name="maxUploadSize" value="10485760" />
		<beans:property name="maxInMemorySize" value="10485760" />
		<beans:property name="defaultEncoding" value="utf-8" />
	</beans:bean>
	
</beans:beans>
