<?xml version="1.0" encoding="UTF-8"?>
<beans xmlns="http://www.springframework.org/schema/beans"
	xmlns:xsi="http://www.w3.org/2001/XMLSchema-instance"
	xmlns:context="http://www.springframework.org/schema/context"
	xmlns:mybatis-spring="http://mybatis.org/schema/mybatis-spring"
	xsi:schemaLocation="http://mybatis.org/schema/mybatis-spring http://mybatis.org/schema/mybatis-spring-1.2.xsd
		http://www.springframework.org/schema/beans https://www.springframework.org/schema/beans/spring-beans.xsd
		http://www.springframework.org/schema/context http://www.springframework.org/schema/context/spring-context-4.3.xsd">
	
	<!-- Root Context: defines shared resources visible to all other web components -->
	<bean id="hikariConfig" class="com.zaxxer.hikari.HikariConfig">
		<property name="driverClassName" value="net.sf.log4jdbc.sql.jdbcapi.DriverSpy" />
		<property name="jdbcUrl" value="jdbc:log4jdbc:oracle:thin:@192.168.1.100:1521:xe" />
		<property name="username" value="c##itproject" />
		<property name="password" value="1234" />
	</bean>
	
	<bean id="dataSource" class="com.zaxxer.hikari.HikariDataSource">
		<constructor-arg ref="hikariConfig" />
	</bean>
	
	<bean id="sqlSessionFactory" class="org.mybatis.spring.SqlSessionFactoryBean">
		<property name="dataSource" ref="dataSource" />
		<property name="configLocation" value="classpath:mybatis/config.xml" />
		<property name="mapperLocations">
			<list>
				<value>classpath:mybatis/eventMapper.xml</value>
				<value>classpath:mybatis/couponMapper.xml</value>
				<value>classpath:mybatis/member-mapper.xml</value>
				<value>classpath:mybatis/productAdmin-mapper.xml</value>
				<value>classpath:mybatis/productShop-mapper.xml</value>
				<value>classpath:mybatis/myLocation-mapper.xml</value>
			</list>
		</property>
	</bean>
	
	<bean id="sqlSessionTemplate" class="org.mybatis.spring.SqlSessionTemplate">
		<constructor-arg ref="sqlSessionFactory" />
	</bean>
	
	<context:component-scan base-package="com.itbank.service" />
	<context:component-scan base-package="com.itbank.component" />
	<context:component-scan base-package="com.itbank.exception" />
	<context:component-scan base-package="com.itbank.oauth2" />
	
	<mybatis-spring:scan base-package="com.itbank.repository" />
		
</beans>
